PRAGMA foreign_keys=OFF;
BEGIN TRANSACTION;
CREATE TABLE s (xh int primary key not null, xm text, xb text, csrq text, jg text, sjhm text, yxh int);
INSERT INTO s VALUES(1101,'李明','男','1993-03-06','上海','13613005486',2);
INSERT INTO s VALUES(1102,'刘晓明','男','1992-12-08','安徽','18913457890',1);
INSERT INTO s VALUES(1103,'张颖','女','1993-01-05','江苏','18826490423',1);
INSERT INTO s VALUES(1104,'刘晶晶','女','1994-11-06','上海','13331934111',1);
INSERT INTO s VALUES(1105,'刘成刚','男','1991-06-07','上海','18015872567',1);
INSERT INTO s VALUES(1106,'李二丽','女','1993-05-04','江苏','18107620945',1);
INSERT INTO s VALUES(1107,'张晓峰','男','1992-08-16','浙江','13912341078',1);
CREATE TABLE d (yxh int primary key not null, mc text, dz text, lxdh text);
INSERT INTO d VALUES(1,'计算机学院','上大东校区三号楼','65347567');
INSERT INTO d VALUES(2,'通讯学院','上大东校区二号楼','65341234');
INSERT INTO d VALUES(3,'材料学院','上大东校区四号楼','65347890');
CREATE TABLE t (gh int primary key not null, xm text, xb text, csrq text, xl text, jbgz real, yxh int);
INSERT INTO t VALUES(101,'陈迪茂','男','1973-03-06','副教授',3567.0,1);
INSERT INTO t VALUES(102,'马小红','女','1972-12-08','讲师',2845.0,1);
INSERT INTO t VALUES(201,'张心颖','女','1960-01-05','教授',4200.0,2);
INSERT INTO t VALUES(103,'吴宝钢','男','1980-11-06','讲师',2554.0,1);
CREATE TABLE c (kh text primary key not null, km text, xf real, xs real, yxh int);
INSERT INTO c VALUES('08305001','离散数学',4.0,40.0,1);
INSERT INTO c VALUES('08305002','数据库原理',4.0,50.0,1);
INSERT INTO c VALUES('08305003','数据结构',4.0,50.0,1);
INSERT INTO c VALUES('08305004','系统结构',6.0,60.0,1);
INSERT INTO c VALUES('08301001','分子物理学',4.0,40.0,3);
INSERT INTO c VALUES('08302001','通信学',3.0,30.0,2);
CREATE TABLE o (xq text, kh text, gh int, sksj text);
INSERT INTO o VALUES('2012-2013 秋季','08305001',103,'星期三 5-8');
INSERT INTO o VALUES('2012-2013 冬季','08305002',101,'星期三 1-4');
INSERT INTO o VALUES('2012-2013 冬季','08305002',102,'星期三 1-4');
INSERT INTO o VALUES('2012-2013 冬季','08305002',103,'星期三 1-4');
INSERT INTO o VALUES('2012-2013 冬季','08305003',102,'星期五 5-8');
INSERT INTO o VALUES('2013-2014 秋季','08305004',101,'星期二 1-4');
INSERT INTO o VALUES('2013-2014 秋季','08305001',102,'星期一 5-8');
INSERT INTO o VALUES('2013-2014 冬季','08302001',201,'星期一 5-8');
CREATE TABLE e (xh int, xq text, kh text, gh int, pscj real, kscj real, zpcj real);
INSERT INTO e VALUES(1101,'2012-2013 秋季','08305001',103,60.0,60.0,60.0);
INSERT INTO e VALUES(1102,'2012-2013 秋季','08305001',103,87.0,87.0,87.0);
INSERT INTO e VALUES(1102,'2012-2013 冬季','08305002',101,82.0,82.0,82.0);
INSERT INTO e VALUES(1102,'2013-2014 秋季','08305004',101,NULL,NULL,NULL);
INSERT INTO e VALUES(1103,'2012-2013 秋季','08305001',103,56.0,56.0,56.0);
INSERT INTO e VALUES(1103,'2012-2013 冬季','08305002',102,75.0,75.0,75.0);
INSERT INTO e VALUES(1103,'2012-2013 冬季','08305003',102,84.0,84.0,84.0);
INSERT INTO e VALUES(1103,'2013-2014 秋季','08305001',102,NULL,NULL,NULL);
INSERT INTO e VALUES(1103,'2013-2014 秋季','08305004',101,NULL,NULL,NULL);
INSERT INTO e VALUES(1104,'2012-2013 秋季','08305001',103,74.0,74.0,74.0);
INSERT INTO e VALUES(1104,'2013-2014 冬季','08302001',201,NULL,NULL,NULL);
INSERT INTO e VALUES(1106,'2012-2013 秋季','08305001',103,85.0,85.0,85.0);
INSERT INTO e VALUES(1106,'2012-2013 冬季','08305002',103,66.0,66.0,66.0);
INSERT INTO e VALUES(1107,'2012-2013 秋季','08305001',103,90.0,90.0,90.0);
INSERT INTO e VALUES(1107,'2012-2013 冬季','08305003',102,79.0,79.0,79.0);
INSERT INTO e VALUES(1107,'2013-2014 秋季','08305004',101,NULL,NULL,NULL);
COMMIT;
